DELETE FROM public.sub_task;
DELETE FROM public.piece_request;
DELETE FROM public.tache;
DELETE FROM public.maintenance;
DELETE FROM public.equipe_technicien_names;
DELETE FROM public.equipe_techniciens;
DELETE FROM public.equipe;
DELETE FROM public.utilisateurs;
DELETE FROM public.piece;
DELETE FROM public.equipement;
DELETE FROM public.taxonomie;
INSERT INTO public.taxonomie (id, code, description, nom) VALUES (1, 'HVAC-001', 'Heating, Ventilation, and Air Conditioning', 'HVAC');
INSERT INTO public.taxonomie (id, code, description, nom) VALUES (2, 'ELEC-001', 'Electrical Systems', 'Electrical');
INSERT INTO public.taxonomie (id, code, description, nom) VALUES (3, 'MECH-001', 'Mechanical Equipment', 'Mechanical');
SELECT setval('taxonomie_id_seq', 3, true);
INSERT INTO public.utilisateurs (id, role, account_status, email, mot_de_passe, nom, prenom, departement) VALUES ('0d043705-ff7e-46b9-904c-439732658a12', 'ADMIN', 'ACTIVE', 'admin1@smartm.com', '$2a$10$N.zmdr9k7uOCQb376NoUnuTJ8iAt6Z5EHsM8lE9lBOsl7iKTVKIvi', 'Admin1', 'Super', 'IT');
INSERT INTO public.utilisateurs (id, role, account_status, email, mot_de_passe, nom, prenom, departement) VALUES ('703216c5-2994-4285-9bed-5aadff76b11d', 'ADMIN', 'ACTIVE', 'admin2@smartm.com', '$2a$10$N.zmdr9k7uOCQb376NoUnuTJ8iAt6Z5EHsM8lE9lBOsl7iKTVKIvi', 'Admin2', 'Super', 'IT');
INSERT INTO public.utilisateurs (id, role, account_status, email, mot_de_passe, nom, prenom, departement) VALUES ('3acf09eb-8282-494e-98a1-fca9fd4df444', 'ADMIN', 'ACTIVE', 'admin3@smartm.com', '$2a$10$N.zmdr9k7uOCQb376NoUnuTJ8iAt6Z5EHsM8lE9lBOsl7iKTVKIvi', 'Admin3', 'Super', 'IT');
INSERT INTO public.utilisateurs (id, role, account_status, email, mot_de_passe, nom, prenom, departement) VALUES ('9dfd74ce-2735-4843-bb7b-624b9afd48db', 'MANAGER', 'ACTIVE', 'manager1@smartm.com', '$2a$10$N.zmdr9k7uOCQb376NoUnuTJ8iAt6Z5EHsM8lE9lBOsl7iKTVKIvi', 'Manager1', 'Test', 'Operations');
INSERT INTO public.utilisateurs (id, role, account_status, email, mot_de_passe, nom, prenom, departement) VALUES ('42e4d054-822a-4eb3-9980-a24a13d997c5', 'MANAGER', 'ACTIVE', 'manager2@smartm.com', '$2a$10$N.zmdr9k7uOCQb376NoUnuTJ8iAt6Z5EHsM8lE9lBOsl7iKTVKIvi', 'Manager2', 'Test', 'Operations');
INSERT INTO public.utilisateurs (id, role, account_status, email, mot_de_passe, nom, prenom, departement) VALUES ('ff4a5bef-64f8-4097-acc6-760d13b04873', 'MANAGER', 'ACTIVE', 'manager3@smartm.com', '$2a$10$N.zmdr9k7uOCQb376NoUnuTJ8iAt6Z5EHsM8lE9lBOsl7iKTVKIvi', 'Manager3', 'Test', 'Operations');
INSERT INTO public.utilisateurs (id, role, account_status, email, mot_de_passe, nom, prenom, departement) VALUES ('7522204c-bf53-4e81-957f-3b833247fe24', 'MANAGER', 'ACTIVE', 'manager4@smartm.com', '$2a$10$N.zmdr9k7uOCQb376NoUnuTJ8iAt6Z5EHsM8lE9lBOsl7iKTVKIvi', 'Manager4', 'Test', 'Operations');
INSERT INTO public.utilisateurs (id, role, account_status, email, mot_de_passe, nom, prenom, departement) VALUES ('df8fc492-a277-4e7b-a30f-4d6ba9f6e1c7', 'MANAGER', 'ACTIVE', 'manager5@smartm.com', '$2a$10$N.zmdr9k7uOCQb376NoUnuTJ8iAt6Z5EHsM8lE9lBOsl7iKTVKIvi', 'Manager5', 'Test', 'Operations');
INSERT INTO public.utilisateurs (id, role, account_status, email, mot_de_passe, nom, prenom, departement) VALUES ('a008c0e2-4386-4699-8226-a1c5e1b1a923', 'MANAGER', 'ACTIVE', 'manager6@smartm.com', '$2a$10$N.zmdr9k7uOCQb376NoUnuTJ8iAt6Z5EHsM8lE9lBOsl7iKTVKIvi', 'Manager6', 'Test', 'Operations');
INSERT INTO public.utilisateurs (id, role, account_status, email, mot_de_passe, nom, prenom, matricule_technique) VALUES ('e4bc61ec-c62b-4d47-ab90-8b45a04e5d72', 'INGENIEUR', 'ACTIVE', 'ingenieur1@smartm.com', '$2a$10$N.zmdr9k7uOCQb376NoUnuTJ8iAt6Z5EHsM8lE9lBOsl7iKTVKIvi', 'Ingenieur 1', 'Test', 'ENG-001');
INSERT INTO public.utilisateurs (id, role, account_status, email, mot_de_passe, nom, prenom, matricule_technique) VALUES ('e12491cd-b527-4ed9-9d9a-575809d13aac', 'INGENIEUR', 'ACTIVE', 'ingenieur2@smartm.com', '$2a$10$N.zmdr9k7uOCQb376NoUnuTJ8iAt6Z5EHsM8lE9lBOsl7iKTVKIvi', 'Ingenieur 2', 'Test', 'ENG-002');
INSERT INTO public.utilisateurs (id, role, account_status, email, mot_de_passe, nom, prenom, matricule_technique) VALUES ('e04973d0-eb30-407b-856f-037a294c229f', 'INGENIEUR', 'ACTIVE', 'ingenieur3@smartm.com', '$2a$10$N.zmdr9k7uOCQb376NoUnuTJ8iAt6Z5EHsM8lE9lBOsl7iKTVKIvi', 'Ingenieur 3', 'Test', 'ENG-003');
INSERT INTO public.utilisateurs (id, role, account_status, email, mot_de_passe, nom, prenom, matricule_technique) VALUES ('1a0c8a72-22b1-48c4-994a-01a1c8a21d90', 'INGENIEUR', 'ACTIVE', 'ingenieur4@smartm.com', '$2a$10$N.zmdr9k7uOCQb376NoUnuTJ8iAt6Z5EHsM8lE9lBOsl7iKTVKIvi', 'Ingenieur 4', 'Test', 'ENG-004');
INSERT INTO public.utilisateurs (id, role, account_status, email, mot_de_passe, nom, prenom, matricule_technique) VALUES ('47d7e26b-48da-48ae-a3e0-2b7103d49368', 'INGENIEUR', 'ACTIVE', 'ingenieur5@smartm.com', '$2a$10$N.zmdr9k7uOCQb376NoUnuTJ8iAt6Z5EHsM8lE9lBOsl7iKTVKIvi', 'Ingenieur 5', 'Test', 'ENG-005');
INSERT INTO public.utilisateurs (id, role, account_status, email, mot_de_passe, nom, prenom, matricule_technique) VALUES ('38b009e0-362d-4935-8a63-40ceb6321168', 'INGENIEUR', 'ACTIVE', 'ingenieur6@smartm.com', '$2a$10$N.zmdr9k7uOCQb376NoUnuTJ8iAt6Z5EHsM8lE9lBOsl7iKTVKIvi', 'Ingenieur 6', 'Test', 'ENG-006');
INSERT INTO public.utilisateurs (id, role, account_status, email, mot_de_passe, nom, prenom, matricule_technique) VALUES ('2b7a848b-b258-4c19-b4a8-818eaffb5078', 'INGENIEUR', 'ACTIVE', 'ingenieur7@smartm.com', '$2a$10$N.zmdr9k7uOCQb376NoUnuTJ8iAt6Z5EHsM8lE9lBOsl7iKTVKIvi', 'Ingenieur 7', 'Test', 'ENG-007');
INSERT INTO public.utilisateurs (id, role, account_status, email, mot_de_passe, nom, prenom, matricule_technique) VALUES ('1cdb64d1-fc51-4678-979f-cfaca9187d5a', 'INGENIEUR', 'ACTIVE', 'ingenieur8@smartm.com', '$2a$10$N.zmdr9k7uOCQb376NoUnuTJ8iAt6Z5EHsM8lE9lBOsl7iKTVKIvi', 'Ingenieur 8', 'Test', 'ENG-008');
INSERT INTO public.utilisateurs (id, role, account_status, email, mot_de_passe, nom, prenom, matricule_technique) VALUES ('13ceaa14-33b5-4bcc-b74a-9f2148899814', 'INGENIEUR', 'ACTIVE', 'ingenieur9@smartm.com', '$2a$10$N.zmdr9k7uOCQb376NoUnuTJ8iAt6Z5EHsM8lE9lBOsl7iKTVKIvi', 'Ingenieur 9', 'Test', 'ENG-009');
INSERT INTO public.utilisateurs (id, role, account_status, email, mot_de_passe, nom, prenom, matricule_technique) VALUES ('ed88525a-7103-49d5-a5a8-e2ff639c1949', 'INGENIEUR', 'ACTIVE', 'ingenieur10@smartm.com', '$2a$10$N.zmdr9k7uOCQb376NoUnuTJ8iAt6Z5EHsM8lE9lBOsl7iKTVKIvi', 'Ingenieur 10', 'Test', 'ENG-010');
INSERT INTO public.utilisateurs (id, role, account_status, email, mot_de_passe, nom, prenom, matricule_technique) VALUES ('a5e98f9f-b8d2-401c-a155-cd1bc75cef9e', 'OPERATEUR', 'ACTIVE', 'operateur1@smartm.com', '$2a$10$N.zmdr9k7uOCQb376NoUnuTJ8iAt6Z5EHsM8lE9lBOsl7iKTVKIvi', 'Operateur 1', 'Test', 'TECH-001');
INSERT INTO public.utilisateurs (id, role, account_status, email, mot_de_passe, nom, prenom, matricule_technique) VALUES ('d09993f1-0bb7-482c-9213-0fe9d8a0da6e', 'OPERATEUR', 'ACTIVE', 'operateur2@smartm.com', '$2a$10$N.zmdr9k7uOCQb376NoUnuTJ8iAt6Z5EHsM8lE9lBOsl7iKTVKIvi', 'Operateur 2', 'Test', 'TECH-002');
INSERT INTO public.utilisateurs (id, role, account_status, email, mot_de_passe, nom, prenom, matricule_technique) VALUES ('97cfe76e-15f0-469c-8481-33229739a3fc', 'OPERATEUR', 'ACTIVE', 'operateur3@smartm.com', '$2a$10$N.zmdr9k7uOCQb376NoUnuTJ8iAt6Z5EHsM8lE9lBOsl7iKTVKIvi', 'Operateur 3', 'Test', 'TECH-003');
INSERT INTO public.utilisateurs (id, role, account_status, email, mot_de_passe, nom, prenom, matricule_technique) VALUES ('33cfd59c-a10d-4016-b483-a02e79ebcff2', 'OPERATEUR', 'ACTIVE', 'operateur4@smartm.com', '$2a$10$N.zmdr9k7uOCQb376NoUnuTJ8iAt6Z5EHsM8lE9lBOsl7iKTVKIvi', 'Operateur 4', 'Test', 'TECH-004');
INSERT INTO public.utilisateurs (id, role, account_status, email, mot_de_passe, nom, prenom, matricule_technique) VALUES ('fd555e3b-df83-4eb5-b5f8-95ec4782438c', 'OPERATEUR', 'ACTIVE', 'operateur5@smartm.com', '$2a$10$N.zmdr9k7uOCQb376NoUnuTJ8iAt6Z5EHsM8lE9lBOsl7iKTVKIvi', 'Operateur 5', 'Test', 'TECH-005');
INSERT INTO public.utilisateurs (id, role, account_status, email, mot_de_passe, nom, prenom, matricule_technique) VALUES ('c0d79af8-8f50-4a12-a2f2-ea16bffe86a6', 'OPERATEUR', 'ACTIVE', 'operateur6@smartm.com', '$2a$10$N.zmdr9k7uOCQb376NoUnuTJ8iAt6Z5EHsM8lE9lBOsl7iKTVKIvi', 'Operateur 6', 'Test', 'TECH-006');
INSERT INTO public.utilisateurs (id, role, account_status, email, mot_de_passe, nom, prenom, matricule_technique) VALUES ('91528bad-b53f-4f67-a356-76ed2874a1fc', 'OPERATEUR', 'ACTIVE', 'operateur7@smartm.com', '$2a$10$N.zmdr9k7uOCQb376NoUnuTJ8iAt6Z5EHsM8lE9lBOsl7iKTVKIvi', 'Operateur 7', 'Test', 'TECH-007');
INSERT INTO public.utilisateurs (id, role, account_status, email, mot_de_passe, nom, prenom, matricule_technique) VALUES ('36321f9a-1d57-4170-bd21-7d136ae9c0b6', 'OPERATEUR', 'ACTIVE', 'operateur8@smartm.com', '$2a$10$N.zmdr9k7uOCQb376NoUnuTJ8iAt6Z5EHsM8lE9lBOsl7iKTVKIvi', 'Operateur 8', 'Test', 'TECH-008');
INSERT INTO public.utilisateurs (id, role, account_status, email, mot_de_passe, nom, prenom, matricule_technique) VALUES ('1f0c6488-9508-4d7a-8b3b-4af99e97dee2', 'OPERATEUR', 'ACTIVE', 'operateur9@smartm.com', '$2a$10$N.zmdr9k7uOCQb376NoUnuTJ8iAt6Z5EHsM8lE9lBOsl7iKTVKIvi', 'Operateur 9', 'Test', 'TECH-009');
INSERT INTO public.utilisateurs (id, role, account_status, email, mot_de_passe, nom, prenom, matricule_technique) VALUES ('801758ce-a053-410a-b14a-12d9e87fcfd5', 'OPERATEUR', 'ACTIVE', 'operateur10@smartm.com', '$2a$10$N.zmdr9k7uOCQb376NoUnuTJ8iAt6Z5EHsM8lE9lBOsl7iKTVKIvi', 'Operateur 10', 'Test', 'TECH-010');
INSERT INTO public.utilisateurs (id, role, account_status, email, mot_de_passe, nom, prenom, matricule_technique) VALUES ('7235c9e1-09e2-4e47-ac84-64268baf5777', 'OPERATEUR', 'ACTIVE', 'operateur11@smartm.com', '$2a$10$N.zmdr9k7uOCQb376NoUnuTJ8iAt6Z5EHsM8lE9lBOsl7iKTVKIvi', 'Operateur 11', 'Test', 'TECH-011');
INSERT INTO public.utilisateurs (id, role, account_status, email, mot_de_passe, nom, prenom, matricule_technique) VALUES ('e1b58d2d-a533-42ab-8403-12914c88e04c', 'OPERATEUR', 'ACTIVE', 'operateur12@smartm.com', '$2a$10$N.zmdr9k7uOCQb376NoUnuTJ8iAt6Z5EHsM8lE9lBOsl7iKTVKIvi', 'Operateur 12', 'Test', 'TECH-012');
INSERT INTO public.utilisateurs (id, role, account_status, email, mot_de_passe, nom, prenom, matricule_technique) VALUES ('19dba804-b04f-4f66-af55-b97344c28662', 'OPERATEUR', 'ACTIVE', 'operateur13@smartm.com', '$2a$10$N.zmdr9k7uOCQb376NoUnuTJ8iAt6Z5EHsM8lE9lBOsl7iKTVKIvi', 'Operateur 13', 'Test', 'TECH-013');
INSERT INTO public.utilisateurs (id, role, account_status, email, mot_de_passe, nom, prenom, matricule_technique) VALUES ('1cbd0e0a-40e8-47cf-a351-5e224915059b', 'OPERATEUR', 'ACTIVE', 'operateur14@smartm.com', '$2a$10$N.zmdr9k7uOCQb376NoUnuTJ8iAt6Z5EHsM8lE9lBOsl7iKTVKIvi', 'Operateur 14', 'Test', 'TECH-014');
INSERT INTO public.utilisateurs (id, role, account_status, email, mot_de_passe, nom, prenom, matricule_technique) VALUES ('206637c3-37d9-4803-9b1e-83dbfea1f7fb', 'OPERATEUR', 'ACTIVE', 'operateur15@smartm.com', '$2a$10$N.zmdr9k7uOCQb376NoUnuTJ8iAt6Z5EHsM8lE9lBOsl7iKTVKIvi', 'Operateur 15', 'Test', 'TECH-015');
INSERT INTO public.utilisateurs (id, role, account_status, email, mot_de_passe, nom, prenom, matricule_technique) VALUES ('bb23805c-3c63-4694-92da-90db3ffc4313', 'OPERATEUR', 'ACTIVE', 'operateur16@smartm.com', '$2a$10$N.zmdr9k7uOCQb376NoUnuTJ8iAt6Z5EHsM8lE9lBOsl7iKTVKIvi', 'Operateur 16', 'Test', 'TECH-016');
INSERT INTO public.utilisateurs (id, role, account_status, email, mot_de_passe, nom, prenom, matricule_technique) VALUES ('5a990011-b014-4560-9210-f6ef1876f02e', 'OPERATEUR', 'ACTIVE', 'operateur17@smartm.com', '$2a$10$N.zmdr9k7uOCQb376NoUnuTJ8iAt6Z5EHsM8lE9lBOsl7iKTVKIvi', 'Operateur 17', 'Test', 'TECH-017');
INSERT INTO public.utilisateurs (id, role, account_status, email, mot_de_passe, nom, prenom, matricule_technique) VALUES ('9435dba6-6ab3-4b9f-a1d0-4d6250cb03f5', 'OPERATEUR', 'ACTIVE', 'operateur18@smartm.com', '$2a$10$N.zmdr9k7uOCQb376NoUnuTJ8iAt6Z5EHsM8lE9lBOsl7iKTVKIvi', 'Operateur 18', 'Test', 'TECH-018');
INSERT INTO public.utilisateurs (id, role, account_status, email, mot_de_passe, nom, prenom, matricule_technique) VALUES ('e6bb6c06-d4d1-4566-b250-734688e1089f', 'OPERATEUR', 'ACTIVE', 'operateur19@smartm.com', '$2a$10$N.zmdr9k7uOCQb376NoUnuTJ8iAt6Z5EHsM8lE9lBOsl7iKTVKIvi', 'Operateur 19', 'Test', 'TECH-019');
INSERT INTO public.utilisateurs (id, role, account_status, email, mot_de_passe, nom, prenom, matricule_technique) VALUES ('449d5b48-e2c1-42e7-8974-505efbfd0be2', 'OPERATEUR', 'ACTIVE', 'operateur20@smartm.com', '$2a$10$N.zmdr9k7uOCQb376NoUnuTJ8iAt6Z5EHsM8lE9lBOsl7iKTVKIvi', 'Operateur 20', 'Test', 'TECH-020');
INSERT INTO public.equipe (id, leader_engineer_id, leader_engineer_name, nom, specialite) VALUES ('eb93497f-2400-478c-9454-1c1105790798', 'e4bc61ec-c62b-4d47-ab90-8b45a04e5d72', 'Ingenieur 1', 'Equipe 1', 'Maintenance Spec 1');
INSERT INTO public.equipe_techniciens (equipe_id, technician_id) VALUES ('eb93497f-2400-478c-9454-1c1105790798', 'a5e98f9f-b8d2-401c-a155-cd1bc75cef9e');
INSERT INTO public.equipe_technicien_names (equipe_id, technician_name) VALUES ('eb93497f-2400-478c-9454-1c1105790798', 'Operateur 1');
INSERT INTO public.equipe_techniciens (equipe_id, technician_id) VALUES ('eb93497f-2400-478c-9454-1c1105790798', 'd09993f1-0bb7-482c-9213-0fe9d8a0da6e');
INSERT INTO public.equipe_technicien_names (equipe_id, technician_name) VALUES ('eb93497f-2400-478c-9454-1c1105790798', 'Operateur 2');
INSERT INTO public.equipe_techniciens (equipe_id, technician_id) VALUES ('eb93497f-2400-478c-9454-1c1105790798', '97cfe76e-15f0-469c-8481-33229739a3fc');
INSERT INTO public.equipe_technicien_names (equipe_id, technician_name) VALUES ('eb93497f-2400-478c-9454-1c1105790798', 'Operateur 3');
INSERT INTO public.equipe_techniciens (equipe_id, technician_id) VALUES ('eb93497f-2400-478c-9454-1c1105790798', '33cfd59c-a10d-4016-b483-a02e79ebcff2');
INSERT INTO public.equipe_technicien_names (equipe_id, technician_name) VALUES ('eb93497f-2400-478c-9454-1c1105790798', 'Operateur 4');
INSERT INTO public.equipe (id, leader_engineer_id, leader_engineer_name, nom, specialite) VALUES ('141fc4cd-e94c-42bd-aa39-129aa088084d', 'e12491cd-b527-4ed9-9d9a-575809d13aac', 'Ingenieur 2', 'Equipe 2', 'Maintenance Spec 2');
INSERT INTO public.equipe_techniciens (equipe_id, technician_id) VALUES ('141fc4cd-e94c-42bd-aa39-129aa088084d', 'fd555e3b-df83-4eb5-b5f8-95ec4782438c');
INSERT INTO public.equipe_technicien_names (equipe_id, technician_name) VALUES ('141fc4cd-e94c-42bd-aa39-129aa088084d', 'Operateur 5');
INSERT INTO public.equipe_techniciens (equipe_id, technician_id) VALUES ('141fc4cd-e94c-42bd-aa39-129aa088084d', 'c0d79af8-8f50-4a12-a2f2-ea16bffe86a6');
INSERT INTO public.equipe_technicien_names (equipe_id, technician_name) VALUES ('141fc4cd-e94c-42bd-aa39-129aa088084d', 'Operateur 6');
INSERT INTO public.equipe_techniciens (equipe_id, technician_id) VALUES ('141fc4cd-e94c-42bd-aa39-129aa088084d', '91528bad-b53f-4f67-a356-76ed2874a1fc');
INSERT INTO public.equipe_technicien_names (equipe_id, technician_name) VALUES ('141fc4cd-e94c-42bd-aa39-129aa088084d', 'Operateur 7');
INSERT INTO public.equipe_techniciens (equipe_id, technician_id) VALUES ('141fc4cd-e94c-42bd-aa39-129aa088084d', '36321f9a-1d57-4170-bd21-7d136ae9c0b6');
INSERT INTO public.equipe_technicien_names (equipe_id, technician_name) VALUES ('141fc4cd-e94c-42bd-aa39-129aa088084d', 'Operateur 8');
INSERT INTO public.equipe (id, leader_engineer_id, leader_engineer_name, nom, specialite) VALUES ('b444d857-e094-4f9d-9b66-762fcb747908', 'e04973d0-eb30-407b-856f-037a294c229f', 'Ingenieur 3', 'Equipe 3', 'Maintenance Spec 3');
INSERT INTO public.equipe_techniciens (equipe_id, technician_id) VALUES ('b444d857-e094-4f9d-9b66-762fcb747908', '1f0c6488-9508-4d7a-8b3b-4af99e97dee2');
INSERT INTO public.equipe_technicien_names (equipe_id, technician_name) VALUES ('b444d857-e094-4f9d-9b66-762fcb747908', 'Operateur 9');
INSERT INTO public.equipe_techniciens (equipe_id, technician_id) VALUES ('b444d857-e094-4f9d-9b66-762fcb747908', '801758ce-a053-410a-b14a-12d9e87fcfd5');
INSERT INTO public.equipe_technicien_names (equipe_id, technician_name) VALUES ('b444d857-e094-4f9d-9b66-762fcb747908', 'Operateur 10');
INSERT INTO public.equipe_techniciens (equipe_id, technician_id) VALUES ('b444d857-e094-4f9d-9b66-762fcb747908', '7235c9e1-09e2-4e47-ac84-64268baf5777');
INSERT INTO public.equipe_technicien_names (equipe_id, technician_name) VALUES ('b444d857-e094-4f9d-9b66-762fcb747908', 'Operateur 11');
INSERT INTO public.equipe_techniciens (equipe_id, technician_id) VALUES ('b444d857-e094-4f9d-9b66-762fcb747908', 'e1b58d2d-a533-42ab-8403-12914c88e04c');
INSERT INTO public.equipe_technicien_names (equipe_id, technician_name) VALUES ('b444d857-e094-4f9d-9b66-762fcb747908', 'Operateur 12');
INSERT INTO public.equipe (id, leader_engineer_id, leader_engineer_name, nom, specialite) VALUES ('0fa568ad-4a9d-467a-9798-9e48ee6475a1', '1a0c8a72-22b1-48c4-994a-01a1c8a21d90', 'Ingenieur 4', 'Equipe 4', 'Maintenance Spec 4');
INSERT INTO public.equipe_techniciens (equipe_id, technician_id) VALUES ('0fa568ad-4a9d-467a-9798-9e48ee6475a1', '19dba804-b04f-4f66-af55-b97344c28662');
INSERT INTO public.equipe_technicien_names (equipe_id, technician_name) VALUES ('0fa568ad-4a9d-467a-9798-9e48ee6475a1', 'Operateur 13');
INSERT INTO public.equipe_techniciens (equipe_id, technician_id) VALUES ('0fa568ad-4a9d-467a-9798-9e48ee6475a1', '1cbd0e0a-40e8-47cf-a351-5e224915059b');
INSERT INTO public.equipe_technicien_names (equipe_id, technician_name) VALUES ('0fa568ad-4a9d-467a-9798-9e48ee6475a1', 'Operateur 14');
INSERT INTO public.equipe_techniciens (equipe_id, technician_id) VALUES ('0fa568ad-4a9d-467a-9798-9e48ee6475a1', '206637c3-37d9-4803-9b1e-83dbfea1f7fb');
INSERT INTO public.equipe_technicien_names (equipe_id, technician_name) VALUES ('0fa568ad-4a9d-467a-9798-9e48ee6475a1', 'Operateur 15');
INSERT INTO public.equipe_techniciens (equipe_id, technician_id) VALUES ('0fa568ad-4a9d-467a-9798-9e48ee6475a1', 'bb23805c-3c63-4694-92da-90db3ffc4313');
INSERT INTO public.equipe_technicien_names (equipe_id, technician_name) VALUES ('0fa568ad-4a9d-467a-9798-9e48ee6475a1', 'Operateur 16');
INSERT INTO public.equipe (id, leader_engineer_id, leader_engineer_name, nom, specialite) VALUES ('0af769a3-3964-4043-98f0-8f4918ac9e9b', '47d7e26b-48da-48ae-a3e0-2b7103d49368', 'Ingenieur 5', 'Equipe 5', 'Maintenance Spec 5');
INSERT INTO public.equipe_techniciens (equipe_id, technician_id) VALUES ('0af769a3-3964-4043-98f0-8f4918ac9e9b', '5a990011-b014-4560-9210-f6ef1876f02e');
INSERT INTO public.equipe_technicien_names (equipe_id, technician_name) VALUES ('0af769a3-3964-4043-98f0-8f4918ac9e9b', 'Operateur 17');
INSERT INTO public.equipe_techniciens (equipe_id, technician_id) VALUES ('0af769a3-3964-4043-98f0-8f4918ac9e9b', '9435dba6-6ab3-4b9f-a1d0-4d6250cb03f5');
INSERT INTO public.equipe_technicien_names (equipe_id, technician_name) VALUES ('0af769a3-3964-4043-98f0-8f4918ac9e9b', 'Operateur 18');
INSERT INTO public.equipe_techniciens (equipe_id, technician_id) VALUES ('0af769a3-3964-4043-98f0-8f4918ac9e9b', 'e6bb6c06-d4d1-4566-b250-734688e1089f');
INSERT INTO public.equipe_technicien_names (equipe_id, technician_name) VALUES ('0af769a3-3964-4043-98f0-8f4918ac9e9b', 'Operateur 19');
INSERT INTO public.equipe_techniciens (equipe_id, technician_id) VALUES ('0af769a3-3964-4043-98f0-8f4918ac9e9b', '449d5b48-e2c1-42e7-8974-505efbfd0be2');
INSERT INTO public.equipe_technicien_names (equipe_id, technician_name) VALUES ('0af769a3-3964-4043-98f0-8f4918ac9e9b', 'Operateur 20');
INSERT INTO public.equipement (id, model, nom, reference, status, taxonomie_id) VALUES (1, 'Model-0', 'Equipement 0', 'EQ-000', 'OPERATIONAL', 3);
INSERT INTO public.equipement (id, model, nom, reference, status, taxonomie_id) VALUES (2, 'Model-1', 'Equipement 1', 'EQ-001', 'OPERATIONAL', 3);
INSERT INTO public.equipement (id, model, nom, reference, status, taxonomie_id) VALUES (3, 'Model-2', 'Equipement 2', 'EQ-002', 'OPERATIONAL', 1);
INSERT INTO public.equipement (id, model, nom, reference, status, taxonomie_id) VALUES (4, 'Model-3', 'Equipement 3', 'EQ-003', 'IN_MAINTENANCE', 2);
INSERT INTO public.equipement (id, model, nom, reference, status, taxonomie_id) VALUES (5, 'Model-4', 'Equipement 4', 'EQ-004', 'OPERATIONAL', 1);
INSERT INTO public.equipement (id, model, nom, reference, status, taxonomie_id) VALUES (6, 'Model-5', 'Equipement 5', 'EQ-005', 'CRITICAL', 3);
INSERT INTO public.equipement (id, model, nom, reference, status, taxonomie_id) VALUES (7, 'Model-6', 'Equipement 6', 'EQ-006', 'IN_MAINTENANCE', 1);
INSERT INTO public.equipement (id, model, nom, reference, status, taxonomie_id) VALUES (8, 'Model-7', 'Equipement 7', 'EQ-007', 'CRITICAL', 1);
INSERT INTO public.equipement (id, model, nom, reference, status, taxonomie_id) VALUES (9, 'Model-8', 'Equipement 8', 'EQ-008', 'IN_MAINTENANCE', 2);
INSERT INTO public.equipement (id, model, nom, reference, status, taxonomie_id) VALUES (10, 'Model-9', 'Equipement 9', 'EQ-009', 'CRITICAL', 1);
INSERT INTO public.equipement (id, model, nom, reference, status, taxonomie_id) VALUES (11, 'Model-10', 'Equipement 10', 'EQ-010', 'IN_MAINTENANCE', 2);
INSERT INTO public.equipement (id, model, nom, reference, status, taxonomie_id) VALUES (12, 'Model-11', 'Equipement 11', 'EQ-011', 'IN_MAINTENANCE', 1);
INSERT INTO public.equipement (id, model, nom, reference, status, taxonomie_id) VALUES (13, 'Model-12', 'Equipement 12', 'EQ-012', 'OPERATIONAL', 1);
INSERT INTO public.equipement (id, model, nom, reference, status, taxonomie_id) VALUES (14, 'Model-13', 'Equipement 13', 'EQ-013', 'CRITICAL', 3);
INSERT INTO public.equipement (id, model, nom, reference, status, taxonomie_id) VALUES (15, 'Model-14', 'Equipement 14', 'EQ-014', 'CRITICAL', 1);
SELECT setval('equipement_id_seq', 15, true);
INSERT INTO public.piece (id, emplacement, nom, prix, quantite, reference, seuil_min, taxonomie_id) VALUES ('1504b3a4-12db-4f0a-9cdd-1340e29e6c9c', 'Store 0', 'Piece 0', 339.92, 71, 'P-0000', 13, 2);
INSERT INTO public.piece (id, emplacement, nom, prix, quantite, reference, seuil_min, taxonomie_id) VALUES ('cc3671c0-b845-44a5-a5fc-f358817bf47c', 'Store 1', 'Piece 1', 309.62, 12, 'P-0001', 19, 3);
INSERT INTO public.piece (id, emplacement, nom, prix, quantite, reference, seuil_min, taxonomie_id) VALUES ('3ce9a858-24f4-4d88-90f2-890a195a642c', 'Store 2', 'Piece 2', 190.17, 77, 'P-0002', 6, 3);
INSERT INTO public.piece (id, emplacement, nom, prix, quantite, reference, seuil_min, taxonomie_id) VALUES ('fac0e5fe-c3f8-4889-8f31-f240f4d1cd36', 'Store 3', 'Piece 3', 208.52, 75, 'P-0003', 8, 2);
INSERT INTO public.piece (id, emplacement, nom, prix, quantite, reference, seuil_min, taxonomie_id) VALUES ('8a8bdb1e-932d-4f81-8ec5-b879a22359a6', 'Store 4', 'Piece 4', 483.26, 170, 'P-0004', 10, 3);
INSERT INTO public.piece (id, emplacement, nom, prix, quantite, reference, seuil_min, taxonomie_id) VALUES ('d004f5a0-1ac6-469d-a614-ac71d54ef146', 'Store 0', 'Piece 5', 285.77, 15, 'P-0005', 19, 1);
INSERT INTO public.piece (id, emplacement, nom, prix, quantite, reference, seuil_min, taxonomie_id) VALUES ('6e1f2425-9ff1-4e2a-83b5-7753047fab0a', 'Store 1', 'Piece 6', 371.41, 85, 'P-0006', 13, 3);
INSERT INTO public.piece (id, emplacement, nom, prix, quantite, reference, seuil_min, taxonomie_id) VALUES ('6af1dd32-53a3-45fc-885a-4697ebcb3699', 'Store 2', 'Piece 7', 56.12, 68, 'P-0007', 8, 1);
INSERT INTO public.piece (id, emplacement, nom, prix, quantite, reference, seuil_min, taxonomie_id) VALUES ('eacfbd7f-690b-45ab-89a5-e83c202f93ac', 'Store 3', 'Piece 8', 433.99, 68, 'P-0008', 20, 3);
INSERT INTO public.piece (id, emplacement, nom, prix, quantite, reference, seuil_min, taxonomie_id) VALUES ('45e6fa6c-04ae-48ba-b9e6-0a9db0a0308a', 'Store 4', 'Piece 9', 448.82, 46, 'P-0009', 16, 3);
INSERT INTO public.piece (id, emplacement, nom, prix, quantite, reference, seuil_min, taxonomie_id) VALUES ('993a453a-ab88-415e-a146-00941cea9449', 'Store 0', 'Piece 10', 226.92, 104, 'P-0010', 18, 1);
INSERT INTO public.piece (id, emplacement, nom, prix, quantite, reference, seuil_min, taxonomie_id) VALUES ('99e544c1-c3e8-4419-ac52-9b6ec3eaaf42', 'Store 1', 'Piece 11', 48.66, 30, 'P-0011', 14, 1);
INSERT INTO public.piece (id, emplacement, nom, prix, quantite, reference, seuil_min, taxonomie_id) VALUES ('7f4317d5-d311-4b61-9f3f-587a6c8af7f2', 'Store 2', 'Piece 12', 220.7, 121, 'P-0012', 17, 3);
INSERT INTO public.piece (id, emplacement, nom, prix, quantite, reference, seuil_min, taxonomie_id) VALUES ('8fe8a03b-1c92-40d8-8b7b-1f5b55d35e87', 'Store 3', 'Piece 13', 276.91, 146, 'P-0013', 7, 3);
INSERT INTO public.piece (id, emplacement, nom, prix, quantite, reference, seuil_min, taxonomie_id) VALUES ('06e5196a-b415-4fd3-8077-6d9f4d20b135', 'Store 4', 'Piece 14', 428.85, 87, 'P-0014', 8, 2);
INSERT INTO public.piece (id, emplacement, nom, prix, quantite, reference, seuil_min, taxonomie_id) VALUES ('5f691bac-8ab5-4b90-89f6-018f1e126f5c', 'Store 0', 'Piece 15', 180.83, 11, 'P-0015', 12, 1);
INSERT INTO public.piece (id, emplacement, nom, prix, quantite, reference, seuil_min, taxonomie_id) VALUES ('fd5cdeb2-8657-4adb-bbc2-ac708ab926a2', 'Store 1', 'Piece 16', 237.83, 130, 'P-0016', 17, 2);
INSERT INTO public.piece (id, emplacement, nom, prix, quantite, reference, seuil_min, taxonomie_id) VALUES ('1ee5d903-6704-4d9f-a10e-ab58016b5c8d', 'Store 2', 'Piece 17', 410.25, 147, 'P-0017', 19, 3);
INSERT INTO public.piece (id, emplacement, nom, prix, quantite, reference, seuil_min, taxonomie_id) VALUES ('32d4dce4-1c99-45d2-8abf-854deb8ba0fa', 'Store 3', 'Piece 18', 98.06, 107, 'P-0018', 14, 1);
INSERT INTO public.piece (id, emplacement, nom, prix, quantite, reference, seuil_min, taxonomie_id) VALUES ('2b7b31c5-79fb-4fda-9d1c-db6e8aae841c', 'Store 4', 'Piece 19', 81.24, 144, 'P-0019', 9, 3);
INSERT INTO public.maintenance (id, date_debut, date_fin, description, status, type_maintenance, equipe_id, equipement_id) VALUES ('f709a556-da2e-4a18-9a23-a7aa15ac528d', '2026-06-01', '2026-06-30', 'Maintenance Task 0', 'COMPLETED', 'CORRECTIVE', '0af769a3-3964-4043-98f0-8f4918ac9e9b', 1);
INSERT INTO public.maintenance (id, date_debut, date_fin, description, status, type_maintenance, equipe_id, equipement_id) VALUES ('d9cb00d2-979b-4ded-9d1d-efa0ec6312e4', '2026-06-01', '2026-06-30', 'Maintenance Task 1', 'COMPLETED', 'PREVENTIVE', 'b444d857-e094-4f9d-9b66-762fcb747908', 2);
INSERT INTO public.maintenance (id, date_debut, date_fin, description, status, type_maintenance, equipe_id, equipement_id) VALUES ('eaf6c038-b762-46fb-b748-db4eb4dfb3a7', '2026-06-01', '2026-06-30', 'Maintenance Task 2', 'IN_PROGRESS', 'PREVENTIVE', 'b444d857-e094-4f9d-9b66-762fcb747908', 7);
INSERT INTO public.maintenance (id, date_debut, date_fin, description, status, type_maintenance, equipe_id, equipement_id) VALUES ('c32b92ba-e84d-4e4a-837e-e31435e4be57', '2026-06-01', '2026-06-30', 'Maintenance Task 3', 'PENDING', 'CORRECTIVE', '0fa568ad-4a9d-467a-9798-9e48ee6475a1', 5);
INSERT INTO public.maintenance (id, date_debut, date_fin, description, status, type_maintenance, equipe_id, equipement_id) VALUES ('325a6c1b-2491-4c32-8cb1-2fb4a504f421', '2026-06-01', '2026-06-30', 'Maintenance Task 4', 'COMPLETED', 'CORRECTIVE', 'eb93497f-2400-478c-9454-1c1105790798', 15);
INSERT INTO public.maintenance (id, date_debut, date_fin, description, status, type_maintenance, equipe_id, equipement_id) VALUES ('bdd3b330-a8ec-489b-95ef-05d8a1485d61', '2026-06-01', '2026-06-30', 'Maintenance Task 5', 'PENDING', 'CORRECTIVE', 'b444d857-e094-4f9d-9b66-762fcb747908', 12);
INSERT INTO public.maintenance (id, date_debut, date_fin, description, status, type_maintenance, equipe_id, equipement_id) VALUES ('49163c41-16ee-4d74-b02f-73b845a0b902', '2026-06-01', '2026-06-30', 'Maintenance Task 6', 'COMPLETED', 'PREVENTIVE', '0af769a3-3964-4043-98f0-8f4918ac9e9b', 12);
INSERT INTO public.maintenance (id, date_debut, date_fin, description, status, type_maintenance, equipe_id, equipement_id) VALUES ('69597b7f-e68f-4753-87cb-b0b0f0ffa5f2', '2026-06-01', '2026-06-30', 'Maintenance Task 7', 'IN_PROGRESS', 'CORRECTIVE', '0fa568ad-4a9d-467a-9798-9e48ee6475a1', 12);
INSERT INTO public.maintenance (id, date_debut, date_fin, description, status, type_maintenance, equipe_id, equipement_id) VALUES ('13051efb-b710-44b9-9df6-78593e069c35', '2026-06-01', '2026-06-30', 'Maintenance Task 8', 'COMPLETED', 'PREVENTIVE', '0fa568ad-4a9d-467a-9798-9e48ee6475a1', 6);
INSERT INTO public.maintenance (id, date_debut, date_fin, description, status, type_maintenance, equipe_id, equipement_id) VALUES ('89916174-e3c7-46a8-9c09-95110044f9bc', '2026-06-01', '2026-06-30', 'Maintenance Task 9', 'COMPLETED', 'CORRECTIVE', '0af769a3-3964-4043-98f0-8f4918ac9e9b', 7);
INSERT INTO public.maintenance (id, date_debut, date_fin, description, status, type_maintenance, equipe_id, equipement_id) VALUES ('3423e241-8bdf-494e-bed6-fa07167d4aae', '2026-06-01', '2026-06-30', 'Maintenance Task 10', 'PENDING', 'PREVENTIVE', 'b444d857-e094-4f9d-9b66-762fcb747908', 3);
INSERT INTO public.maintenance (id, date_debut, date_fin, description, status, type_maintenance, equipe_id, equipement_id) VALUES ('e03cdf8f-ab86-4263-be49-9fcf73637f5f', '2026-06-01', '2026-06-30', 'Maintenance Task 11', 'IN_PROGRESS', 'CORRECTIVE', '0af769a3-3964-4043-98f0-8f4918ac9e9b', 5);
INSERT INTO public.maintenance (id, date_debut, date_fin, description, status, type_maintenance, equipe_id, equipement_id) VALUES ('b107ae90-eaaa-4f42-9488-b452d3c99f7c', '2026-06-01', '2026-06-30', 'Maintenance Task 12', 'PENDING', 'PREVENTIVE', '0fa568ad-4a9d-467a-9798-9e48ee6475a1', 2);
INSERT INTO public.maintenance (id, date_debut, date_fin, description, status, type_maintenance, equipe_id, equipement_id) VALUES ('9c5db747-16d7-4f34-b959-41eebca1bdec', '2026-06-01', '2026-06-30', 'Maintenance Task 13', 'COMPLETED', 'CORRECTIVE', '141fc4cd-e94c-42bd-aa39-129aa088084d', 5);
INSERT INTO public.maintenance (id, date_debut, date_fin, description, status, type_maintenance, equipe_id, equipement_id) VALUES ('bf66605b-75f4-4b47-b696-61fdb6e16238', '2026-06-01', '2026-06-30', 'Maintenance Task 14', 'IN_PROGRESS', 'PREVENTIVE', '0af769a3-3964-4043-98f0-8f4918ac9e9b', 8);
INSERT INTO public.maintenance (id, date_debut, date_fin, description, status, type_maintenance, equipe_id, equipement_id) VALUES ('2cabd0d0-7057-4091-8b29-ddd378cf489f', '2026-06-01', '2026-06-30', 'Maintenance Task 15', 'COMPLETED', 'PREVENTIVE', '0fa568ad-4a9d-467a-9798-9e48ee6475a1', 13);
INSERT INTO public.maintenance (id, date_debut, date_fin, description, status, type_maintenance, equipe_id, equipement_id) VALUES ('3196979d-0779-4ede-b598-0788e50ae581', '2026-06-01', '2026-06-30', 'Maintenance Task 16', 'IN_PROGRESS', 'CORRECTIVE', '0fa568ad-4a9d-467a-9798-9e48ee6475a1', 4);
INSERT INTO public.maintenance (id, date_debut, date_fin, description, status, type_maintenance, equipe_id, equipement_id) VALUES ('97414908-53ac-4145-bbd4-574a1366edaa', '2026-06-01', '2026-06-30', 'Maintenance Task 17', 'COMPLETED', 'PREVENTIVE', 'eb93497f-2400-478c-9454-1c1105790798', 1);
INSERT INTO public.maintenance (id, date_debut, date_fin, description, status, type_maintenance, equipe_id, equipement_id) VALUES ('ef091fde-18c5-4d5c-8c1e-9b733fc4f0ef', '2026-06-01', '2026-06-30', 'Maintenance Task 18', 'IN_PROGRESS', 'CORRECTIVE', '0fa568ad-4a9d-467a-9798-9e48ee6475a1', 1);
INSERT INTO public.maintenance (id, date_debut, date_fin, description, status, type_maintenance, equipe_id, equipement_id) VALUES ('5227cfe9-c726-40e0-8fc5-55ae065a00ed', '2026-06-01', '2026-06-30', 'Maintenance Task 19', 'COMPLETED', 'CORRECTIVE', '0af769a3-3964-4043-98f0-8f4918ac9e9b', 7);
INSERT INTO public.tache (id, description, priorite, status, total_cost, equipe_id, maintenance_id, taxonomie_id) VALUES ('91df70b6-aa0c-403a-b750-ee65c2b15bfd', 'Tache detailed 0', 'HIGH', 'TODO', 0, 'eb93497f-2400-478c-9454-1c1105790798', '89916174-e3c7-46a8-9c09-95110044f9bc', 1);
INSERT INTO public.tache (id, description, priorite, status, total_cost, equipe_id, maintenance_id, taxonomie_id) VALUES ('d02ad4d8-b111-4097-b6de-d09cbe1ddc0f', 'Tache detailed 1', 'CRITICAL', 'DONE', 0, '0fa568ad-4a9d-467a-9798-9e48ee6475a1', '13051efb-b710-44b9-9df6-78593e069c35', 1);
INSERT INTO public.tache (id, description, priorite, status, total_cost, equipe_id, maintenance_id, taxonomie_id) VALUES ('6c56c188-7d59-4d59-b3e1-c230e636fa3b', 'Tache detailed 2', 'CRITICAL', 'IN_PROGRESS', 0, '141fc4cd-e94c-42bd-aa39-129aa088084d', '3196979d-0779-4ede-b598-0788e50ae581', 2);
INSERT INTO public.tache (id, description, priorite, status, total_cost, equipe_id, maintenance_id, taxonomie_id) VALUES ('1119beed-1a84-41e4-8f4f-0c3660287899', 'Tache detailed 3', 'MEDIUM', 'IN_PROGRESS', 0, '0af769a3-3964-4043-98f0-8f4918ac9e9b', '3196979d-0779-4ede-b598-0788e50ae581', 2);
INSERT INTO public.tache (id, description, priorite, status, total_cost, equipe_id, maintenance_id, taxonomie_id) VALUES ('4e4215f4-691f-419c-ba7f-e52d9fcbf694', 'Tache detailed 4', 'CRITICAL', 'TODO', 0, '0af769a3-3964-4043-98f0-8f4918ac9e9b', '97414908-53ac-4145-bbd4-574a1366edaa', 2);
INSERT INTO public.tache (id, description, priorite, status, total_cost, equipe_id, maintenance_id, taxonomie_id) VALUES ('40d08071-013a-4d05-a693-0a15ae2fd2cd', 'Tache detailed 5', 'LOW', 'DONE', 0, '0af769a3-3964-4043-98f0-8f4918ac9e9b', '325a6c1b-2491-4c32-8cb1-2fb4a504f421', 1);
INSERT INTO public.tache (id, description, priorite, status, total_cost, equipe_id, maintenance_id, taxonomie_id) VALUES ('09158c1f-f4b2-4c7b-80df-21164febaf24', 'Tache detailed 6', 'HIGH', 'IN_PROGRESS', 0, '0af769a3-3964-4043-98f0-8f4918ac9e9b', '2cabd0d0-7057-4091-8b29-ddd378cf489f', 1);
INSERT INTO public.tache (id, description, priorite, status, total_cost, equipe_id, maintenance_id, taxonomie_id) VALUES ('3ea1e4e0-1507-426c-a38c-c0038c7c5b1e', 'Tache detailed 7', 'HIGH', 'TODO', 0, 'b444d857-e094-4f9d-9b66-762fcb747908', 'e03cdf8f-ab86-4263-be49-9fcf73637f5f', 3);
INSERT INTO public.tache (id, description, priorite, status, total_cost, equipe_id, maintenance_id, taxonomie_id) VALUES ('1d558c7e-f9b0-49d2-a402-98fecb5759fd', 'Tache detailed 8', 'MEDIUM', 'TODO', 0, 'b444d857-e094-4f9d-9b66-762fcb747908', 'e03cdf8f-ab86-4263-be49-9fcf73637f5f', 3);
INSERT INTO public.tache (id, description, priorite, status, total_cost, equipe_id, maintenance_id, taxonomie_id) VALUES ('f350a7a3-7ace-42f0-a29c-f437d20a0edc', 'Tache detailed 9', 'CRITICAL', 'DONE', 0, 'eb93497f-2400-478c-9454-1c1105790798', '2cabd0d0-7057-4091-8b29-ddd378cf489f', 1);
INSERT INTO public.tache (id, description, priorite, status, total_cost, equipe_id, maintenance_id, taxonomie_id) VALUES ('e807815c-2741-4f5a-8723-fd9bde7ae096', 'Tache detailed 10', 'MEDIUM', 'DONE', 0, '141fc4cd-e94c-42bd-aa39-129aa088084d', 'b107ae90-eaaa-4f42-9488-b452d3c99f7c', 2);
INSERT INTO public.tache (id, description, priorite, status, total_cost, equipe_id, maintenance_id, taxonomie_id) VALUES ('40821a99-4d0d-462e-89fb-66284b4c7bfa', 'Tache detailed 11', 'HIGH', 'DONE', 0, '0af769a3-3964-4043-98f0-8f4918ac9e9b', '3423e241-8bdf-494e-bed6-fa07167d4aae', 2);
INSERT INTO public.tache (id, description, priorite, status, total_cost, equipe_id, maintenance_id, taxonomie_id) VALUES ('17c9e4f8-629f-4007-9b9a-6bca9a452120', 'Tache detailed 12', 'HIGH', 'TODO', 0, '0af769a3-3964-4043-98f0-8f4918ac9e9b', '3423e241-8bdf-494e-bed6-fa07167d4aae', 3);
INSERT INTO public.tache (id, description, priorite, status, total_cost, equipe_id, maintenance_id, taxonomie_id) VALUES ('403715c5-1304-4696-862b-bfa94cf2084c', 'Tache detailed 13', 'MEDIUM', 'DONE', 0, '0af769a3-3964-4043-98f0-8f4918ac9e9b', '325a6c1b-2491-4c32-8cb1-2fb4a504f421', 3);
INSERT INTO public.tache (id, description, priorite, status, total_cost, equipe_id, maintenance_id, taxonomie_id) VALUES ('227eb358-0609-476a-9979-0bd68f5fb756', 'Tache detailed 14', 'HIGH', 'DONE', 0, '141fc4cd-e94c-42bd-aa39-129aa088084d', 'bf66605b-75f4-4b47-b696-61fdb6e16238', 1);
INSERT INTO public.tache (id, description, priorite, status, total_cost, equipe_id, maintenance_id, taxonomie_id) VALUES ('a38cc265-9e4a-4ae5-adcb-14350e14bb5f', 'Tache detailed 15', 'LOW', 'TODO', 0, 'b444d857-e094-4f9d-9b66-762fcb747908', 'c32b92ba-e84d-4e4a-837e-e31435e4be57', 1);
INSERT INTO public.tache (id, description, priorite, status, total_cost, equipe_id, maintenance_id, taxonomie_id) VALUES ('61bf4970-29f7-46e0-814d-fc8ee49be988', 'Tache detailed 16', 'LOW', 'TODO', 0, '141fc4cd-e94c-42bd-aa39-129aa088084d', 'ef091fde-18c5-4d5c-8c1e-9b733fc4f0ef', 2);
INSERT INTO public.tache (id, description, priorite, status, total_cost, equipe_id, maintenance_id, taxonomie_id) VALUES ('71657075-7507-44f9-b698-7e645fb4d707', 'Tache detailed 17', 'CRITICAL', 'DONE', 0, '141fc4cd-e94c-42bd-aa39-129aa088084d', '3423e241-8bdf-494e-bed6-fa07167d4aae', 2);
INSERT INTO public.tache (id, description, priorite, status, total_cost, equipe_id, maintenance_id, taxonomie_id) VALUES ('3aba6cdb-da35-4e67-9c35-88e72275424e', 'Tache detailed 18', 'LOW', 'TODO', 0, 'eb93497f-2400-478c-9454-1c1105790798', '5227cfe9-c726-40e0-8fc5-55ae065a00ed', 3);
INSERT INTO public.tache (id, description, priorite, status, total_cost, equipe_id, maintenance_id, taxonomie_id) VALUES ('66024379-1b88-4713-b6df-596b47aceefa', 'Tache detailed 19', 'MEDIUM', 'IN_PROGRESS', 0, 'b444d857-e094-4f9d-9b66-762fcb747908', '49163c41-16ee-4d74-b02f-73b845a0b902', 3);
INSERT INTO public.tache (id, description, priorite, status, total_cost, equipe_id, maintenance_id, taxonomie_id) VALUES ('f7dbd62e-dc67-4714-a790-a034643d56e7', 'Tache detailed 20', 'LOW', 'DONE', 0, '0fa568ad-4a9d-467a-9798-9e48ee6475a1', '89916174-e3c7-46a8-9c09-95110044f9bc', 3);
INSERT INTO public.tache (id, description, priorite, status, total_cost, equipe_id, maintenance_id, taxonomie_id) VALUES ('7a5ab6b5-58be-46f5-b2f1-b06551fa0e4f', 'Tache detailed 21', 'LOW', 'DONE', 0, '0af769a3-3964-4043-98f0-8f4918ac9e9b', '9c5db747-16d7-4f34-b959-41eebca1bdec', 1);
INSERT INTO public.tache (id, description, priorite, status, total_cost, equipe_id, maintenance_id, taxonomie_id) VALUES ('73fe5dbf-6aef-450a-b635-77c6e5a7e027', 'Tache detailed 22', 'CRITICAL', 'DONE', 0, '0af769a3-3964-4043-98f0-8f4918ac9e9b', '13051efb-b710-44b9-9df6-78593e069c35', 2);
INSERT INTO public.tache (id, description, priorite, status, total_cost, equipe_id, maintenance_id, taxonomie_id) VALUES ('73464b22-bdb6-40a2-9a22-085b9e805e7b', 'Tache detailed 23', 'HIGH', 'DONE', 0, '141fc4cd-e94c-42bd-aa39-129aa088084d', 'c32b92ba-e84d-4e4a-837e-e31435e4be57', 1);
INSERT INTO public.tache (id, description, priorite, status, total_cost, equipe_id, maintenance_id, taxonomie_id) VALUES ('eda18d91-c15c-46e7-9a7e-52e7d084136d', 'Tache detailed 24', 'MEDIUM', 'TODO', 0, 'eb93497f-2400-478c-9454-1c1105790798', '97414908-53ac-4145-bbd4-574a1366edaa', 1);
INSERT INTO public.tache (id, description, priorite, status, total_cost, equipe_id, maintenance_id, taxonomie_id) VALUES ('9c1a35dc-e6cf-4e30-bbc1-4212a80d1221', 'Tache detailed 25', 'LOW', 'TODO', 0, '0af769a3-3964-4043-98f0-8f4918ac9e9b', 'eaf6c038-b762-46fb-b748-db4eb4dfb3a7', 2);
INSERT INTO public.tache (id, description, priorite, status, total_cost, equipe_id, maintenance_id, taxonomie_id) VALUES ('4c0ba162-1585-4c00-b3ce-cac0dde1af33', 'Tache detailed 26', 'LOW', 'TODO', 0, 'b444d857-e094-4f9d-9b66-762fcb747908', '97414908-53ac-4145-bbd4-574a1366edaa', 3);
INSERT INTO public.tache (id, description, priorite, status, total_cost, equipe_id, maintenance_id, taxonomie_id) VALUES ('a7a932bd-f9de-4c93-9e00-1d0faeb454d6', 'Tache detailed 27', 'CRITICAL', 'TODO', 0, '141fc4cd-e94c-42bd-aa39-129aa088084d', '69597b7f-e68f-4753-87cb-b0b0f0ffa5f2', 3);
INSERT INTO public.tache (id, description, priorite, status, total_cost, equipe_id, maintenance_id, taxonomie_id) VALUES ('f1e66752-8f76-4523-b165-7b2572d60277', 'Tache detailed 28', 'MEDIUM', 'DONE', 0, 'eb93497f-2400-478c-9454-1c1105790798', 'bf66605b-75f4-4b47-b696-61fdb6e16238', 3);
INSERT INTO public.tache (id, description, priorite, status, total_cost, equipe_id, maintenance_id, taxonomie_id) VALUES ('21573c1b-47a5-4f23-b72b-5d908577545f', 'Tache detailed 29', 'CRITICAL', 'DONE', 0, 'eb93497f-2400-478c-9454-1c1105790798', '2cabd0d0-7057-4091-8b29-ddd378cf489f', 3);
INSERT INTO public.sub_task (id, assigned_member_id, assigned_member_name, description, status, tache_id) VALUES ('6fb88664-e7a3-4f67-85f2-87ccbb40056a', '449d5b48-e2c1-42e7-8974-505efbfd0be2', 'Operateur 20', 'Subtask 0 details', 'DONE', 'e807815c-2741-4f5a-8723-fd9bde7ae096');
INSERT INTO public.sub_task (id, assigned_member_id, assigned_member_name, description, status, tache_id) VALUES ('cfedc422-968c-4c7b-8f23-1658c4aada34', '7235c9e1-09e2-4e47-ac84-64268baf5777', 'Operateur 11', 'Subtask 1 details', 'DONE', '21573c1b-47a5-4f23-b72b-5d908577545f');
INSERT INTO public.sub_task (id, assigned_member_id, assigned_member_name, description, status, tache_id) VALUES ('e5b747a2-8aa7-4218-9cb1-2bd277828526', '7235c9e1-09e2-4e47-ac84-64268baf5777', 'Operateur 11', 'Subtask 2 details', 'IN_PROGRESS', '73fe5dbf-6aef-450a-b635-77c6e5a7e027');
INSERT INTO public.sub_task (id, assigned_member_id, assigned_member_name, description, status, tache_id) VALUES ('a5b84115-37d8-44b7-ae54-33564fcf0f6b', '91528bad-b53f-4f67-a356-76ed2874a1fc', 'Operateur 7', 'Subtask 3 details', 'DONE', 'f350a7a3-7ace-42f0-a29c-f437d20a0edc');
INSERT INTO public.sub_task (id, assigned_member_id, assigned_member_name, description, status, tache_id) VALUES ('02fbeb2e-574a-4cd1-8fff-d5d1eb530ada', 'd09993f1-0bb7-482c-9213-0fe9d8a0da6e', 'Operateur 2', 'Subtask 4 details', 'IN_PROGRESS', 'a38cc265-9e4a-4ae5-adcb-14350e14bb5f');
INSERT INTO public.sub_task (id, assigned_member_id, assigned_member_name, description, status, tache_id) VALUES ('2d90656f-38d6-47b0-acae-e394954c33eb', 'c0d79af8-8f50-4a12-a2f2-ea16bffe86a6', 'Operateur 6', 'Subtask 5 details', 'TODO', 'f7dbd62e-dc67-4714-a790-a034643d56e7');
INSERT INTO public.sub_task (id, assigned_member_id, assigned_member_name, description, status, tache_id) VALUES ('641c8588-8956-4509-9dc5-0c16a83c434f', '97cfe76e-15f0-469c-8481-33229739a3fc', 'Operateur 3', 'Subtask 6 details', 'DONE', '17c9e4f8-629f-4007-9b9a-6bca9a452120');
INSERT INTO public.sub_task (id, assigned_member_id, assigned_member_name, description, status, tache_id) VALUES ('8ebcb2f7-dbfe-46f0-b3b2-fe7553876b19', 'fd555e3b-df83-4eb5-b5f8-95ec4782438c', 'Operateur 5', 'Subtask 7 details', 'DONE', '3aba6cdb-da35-4e67-9c35-88e72275424e');
INSERT INTO public.sub_task (id, assigned_member_id, assigned_member_name, description, status, tache_id) VALUES ('903d9a6b-e02e-4767-8db6-fa37d164eb46', '7235c9e1-09e2-4e47-ac84-64268baf5777', 'Operateur 11', 'Subtask 8 details', 'IN_PROGRESS', '61bf4970-29f7-46e0-814d-fc8ee49be988');
INSERT INTO public.sub_task (id, assigned_member_id, assigned_member_name, description, status, tache_id) VALUES ('30750d5d-d988-41c4-8e07-dd016d3d02f3', '206637c3-37d9-4803-9b1e-83dbfea1f7fb', 'Operateur 15', 'Subtask 9 details', 'TODO', '61bf4970-29f7-46e0-814d-fc8ee49be988');
INSERT INTO public.sub_task (id, assigned_member_id, assigned_member_name, description, status, tache_id) VALUES ('c229c72d-3b9a-400e-a7a9-82674ace5770', '5a990011-b014-4560-9210-f6ef1876f02e', 'Operateur 17', 'Subtask 10 details', 'TODO', 'e807815c-2741-4f5a-8723-fd9bde7ae096');
INSERT INTO public.sub_task (id, assigned_member_id, assigned_member_name, description, status, tache_id) VALUES ('1abca544-a4a6-4902-ad89-3a256971ed78', '9435dba6-6ab3-4b9f-a1d0-4d6250cb03f5', 'Operateur 18', 'Subtask 11 details', 'TODO', 'a38cc265-9e4a-4ae5-adcb-14350e14bb5f');
INSERT INTO public.sub_task (id, assigned_member_id, assigned_member_name, description, status, tache_id) VALUES ('72401cd6-effa-4f68-a3e1-f35b52a062b7', '36321f9a-1d57-4170-bd21-7d136ae9c0b6', 'Operateur 8', 'Subtask 12 details', 'IN_PROGRESS', '17c9e4f8-629f-4007-9b9a-6bca9a452120');
INSERT INTO public.sub_task (id, assigned_member_id, assigned_member_name, description, status, tache_id) VALUES ('4186ae0d-111c-410d-a7a8-85b466a7f35e', '206637c3-37d9-4803-9b1e-83dbfea1f7fb', 'Operateur 15', 'Subtask 13 details', 'IN_PROGRESS', '7a5ab6b5-58be-46f5-b2f1-b06551fa0e4f');
INSERT INTO public.sub_task (id, assigned_member_id, assigned_member_name, description, status, tache_id) VALUES ('5cc09415-0793-41c1-8969-39272292c029', 'c0d79af8-8f50-4a12-a2f2-ea16bffe86a6', 'Operateur 6', 'Subtask 14 details', 'DONE', '4e4215f4-691f-419c-ba7f-e52d9fcbf694');
INSERT INTO public.sub_task (id, assigned_member_id, assigned_member_name, description, status, tache_id) VALUES ('b8c7a0eb-5fbe-4425-93c6-6bc860b6e767', '5a990011-b014-4560-9210-f6ef1876f02e', 'Operateur 17', 'Subtask 15 details', 'DONE', '7a5ab6b5-58be-46f5-b2f1-b06551fa0e4f');
INSERT INTO public.sub_task (id, assigned_member_id, assigned_member_name, description, status, tache_id) VALUES ('d2213048-4d97-4b7c-958e-12c98a7acb67', '19dba804-b04f-4f66-af55-b97344c28662', 'Operateur 13', 'Subtask 16 details', 'IN_PROGRESS', '4e4215f4-691f-419c-ba7f-e52d9fcbf694');
INSERT INTO public.sub_task (id, assigned_member_id, assigned_member_name, description, status, tache_id) VALUES ('14d8790d-1688-47be-80ba-121be54ebfc2', '33cfd59c-a10d-4016-b483-a02e79ebcff2', 'Operateur 4', 'Subtask 17 details', 'TODO', '73fe5dbf-6aef-450a-b635-77c6e5a7e027');
INSERT INTO public.sub_task (id, assigned_member_id, assigned_member_name, description, status, tache_id) VALUES ('20772c97-3ed5-463a-8311-10df76b7a936', '97cfe76e-15f0-469c-8481-33229739a3fc', 'Operateur 3', 'Subtask 18 details', 'TODO', '40d08071-013a-4d05-a693-0a15ae2fd2cd');
INSERT INTO public.sub_task (id, assigned_member_id, assigned_member_name, description, status, tache_id) VALUES ('3061ec0b-3e4f-4a61-a95e-ebe746beb44b', '91528bad-b53f-4f67-a356-76ed2874a1fc', 'Operateur 7', 'Subtask 19 details', 'DONE', 'f7dbd62e-dc67-4714-a790-a034643d56e7');
INSERT INTO public.sub_task (id, assigned_member_id, assigned_member_name, description, status, tache_id) VALUES ('55d95742-1060-4f18-94b8-fcaa44e308a0', '36321f9a-1d57-4170-bd21-7d136ae9c0b6', 'Operateur 8', 'Subtask 20 details', 'IN_PROGRESS', 'f1e66752-8f76-4523-b165-7b2572d60277');
INSERT INTO public.sub_task (id, assigned_member_id, assigned_member_name, description, status, tache_id) VALUES ('3300aecb-1fc3-434b-99b3-863a329e5969', '91528bad-b53f-4f67-a356-76ed2874a1fc', 'Operateur 7', 'Subtask 21 details', 'DONE', '3aba6cdb-da35-4e67-9c35-88e72275424e');
INSERT INTO public.sub_task (id, assigned_member_id, assigned_member_name, description, status, tache_id) VALUES ('cba5c709-98d2-4619-83eb-6ffaaa76fc21', 'a5e98f9f-b8d2-401c-a155-cd1bc75cef9e', 'Operateur 1', 'Subtask 22 details', 'DONE', '09158c1f-f4b2-4c7b-80df-21164febaf24');
INSERT INTO public.sub_task (id, assigned_member_id, assigned_member_name, description, status, tache_id) VALUES ('c67a4b8a-5c96-4106-a318-ab0bac13ae34', 'd09993f1-0bb7-482c-9213-0fe9d8a0da6e', 'Operateur 2', 'Subtask 23 details', 'TODO', '3ea1e4e0-1507-426c-a38c-c0038c7c5b1e');
INSERT INTO public.sub_task (id, assigned_member_id, assigned_member_name, description, status, tache_id) VALUES ('8b74b80d-0cf2-4ab6-84d0-3ac39340d175', '9435dba6-6ab3-4b9f-a1d0-4d6250cb03f5', 'Operateur 18', 'Subtask 24 details', 'DONE', 'a7a932bd-f9de-4c93-9e00-1d0faeb454d6');
INSERT INTO public.sub_task (id, assigned_member_id, assigned_member_name, description, status, tache_id) VALUES ('11852895-f6d8-4cbd-aa2b-bd023d8797d9', 'e6bb6c06-d4d1-4566-b250-734688e1089f', 'Operateur 19', 'Subtask 25 details', 'DONE', '09158c1f-f4b2-4c7b-80df-21164febaf24');
INSERT INTO public.sub_task (id, assigned_member_id, assigned_member_name, description, status, tache_id) VALUES ('878ee74c-fb41-4bd8-936d-cb607b26c550', '801758ce-a053-410a-b14a-12d9e87fcfd5', 'Operateur 10', 'Subtask 26 details', 'DONE', '1119beed-1a84-41e4-8f4f-0c3660287899');
INSERT INTO public.sub_task (id, assigned_member_id, assigned_member_name, description, status, tache_id) VALUES ('a823c64c-3375-473c-94c1-002543a6dcc2', '91528bad-b53f-4f67-a356-76ed2874a1fc', 'Operateur 7', 'Subtask 27 details', 'TODO', 'f7dbd62e-dc67-4714-a790-a034643d56e7');
INSERT INTO public.sub_task (id, assigned_member_id, assigned_member_name, description, status, tache_id) VALUES ('23bf65ba-95ea-482f-98fd-4249ecde7d41', '449d5b48-e2c1-42e7-8974-505efbfd0be2', 'Operateur 20', 'Subtask 28 details', 'TODO', '7a5ab6b5-58be-46f5-b2f1-b06551fa0e4f');
INSERT INTO public.sub_task (id, assigned_member_id, assigned_member_name, description, status, tache_id) VALUES ('f4db28a1-ed15-46b0-8c30-d9029f740bd7', '97cfe76e-15f0-469c-8481-33229739a3fc', 'Operateur 3', 'Subtask 29 details', 'IN_PROGRESS', '73464b22-bdb6-40a2-9a22-085b9e805e7b');
INSERT INTO public.sub_task (id, assigned_member_id, assigned_member_name, description, status, tache_id) VALUES ('b4c129a1-cf14-4bc6-bbc8-5f4c0a70806d', '91528bad-b53f-4f67-a356-76ed2874a1fc', 'Operateur 7', 'Subtask 30 details', 'DONE', '91df70b6-aa0c-403a-b750-ee65c2b15bfd');
INSERT INTO public.sub_task (id, assigned_member_id, assigned_member_name, description, status, tache_id) VALUES ('21babcc4-accf-4e51-8fca-c2253cc77fad', '19dba804-b04f-4f66-af55-b97344c28662', 'Operateur 13', 'Subtask 31 details', 'IN_PROGRESS', 'f7dbd62e-dc67-4714-a790-a034643d56e7');
INSERT INTO public.sub_task (id, assigned_member_id, assigned_member_name, description, status, tache_id) VALUES ('2b6b40fa-31fc-4e62-a34d-f9a78079c29b', '19dba804-b04f-4f66-af55-b97344c28662', 'Operateur 13', 'Subtask 32 details', 'IN_PROGRESS', '09158c1f-f4b2-4c7b-80df-21164febaf24');
INSERT INTO public.sub_task (id, assigned_member_id, assigned_member_name, description, status, tache_id) VALUES ('1f6a5290-3331-4a39-9923-bd753480aeae', 'e1b58d2d-a533-42ab-8403-12914c88e04c', 'Operateur 12', 'Subtask 33 details', 'TODO', '73464b22-bdb6-40a2-9a22-085b9e805e7b');
INSERT INTO public.sub_task (id, assigned_member_id, assigned_member_name, description, status, tache_id) VALUES ('baaccfd4-62d4-4076-bbcf-758d50f60616', '91528bad-b53f-4f67-a356-76ed2874a1fc', 'Operateur 7', 'Subtask 34 details', 'TODO', '7a5ab6b5-58be-46f5-b2f1-b06551fa0e4f');
INSERT INTO public.sub_task (id, assigned_member_id, assigned_member_name, description, status, tache_id) VALUES ('a58cc028-2e35-4ca5-8c57-ddf32cb8f684', 'fd555e3b-df83-4eb5-b5f8-95ec4782438c', 'Operateur 5', 'Subtask 35 details', 'DONE', '21573c1b-47a5-4f23-b72b-5d908577545f');
INSERT INTO public.sub_task (id, assigned_member_id, assigned_member_name, description, status, tache_id) VALUES ('b7ec11f3-696b-48d1-9d4e-317a7a3b3d2e', '33cfd59c-a10d-4016-b483-a02e79ebcff2', 'Operateur 4', 'Subtask 36 details', 'DONE', 'a38cc265-9e4a-4ae5-adcb-14350e14bb5f');
INSERT INTO public.sub_task (id, assigned_member_id, assigned_member_name, description, status, tache_id) VALUES ('bcdfffc6-ad2c-452d-9873-a81b95362835', '9435dba6-6ab3-4b9f-a1d0-4d6250cb03f5', 'Operateur 18', 'Subtask 37 details', 'IN_PROGRESS', '21573c1b-47a5-4f23-b72b-5d908577545f');
INSERT INTO public.sub_task (id, assigned_member_id, assigned_member_name, description, status, tache_id) VALUES ('432f9b06-12b0-415d-b7e9-e91567512698', '1cbd0e0a-40e8-47cf-a351-5e224915059b', 'Operateur 14', 'Subtask 38 details', 'DONE', 'f7dbd62e-dc67-4714-a790-a034643d56e7');
INSERT INTO public.sub_task (id, assigned_member_id, assigned_member_name, description, status, tache_id) VALUES ('52730e37-1201-40cf-a5a5-0948683403b0', '9435dba6-6ab3-4b9f-a1d0-4d6250cb03f5', 'Operateur 18', 'Subtask 39 details', 'DONE', 'e807815c-2741-4f5a-8723-fd9bde7ae096');
INSERT INTO public.sub_task (id, assigned_member_id, assigned_member_name, description, status, tache_id) VALUES ('c1f98e84-ca22-450d-aaed-5dc4064cca0f', 'bb23805c-3c63-4694-92da-90db3ffc4313', 'Operateur 16', 'Subtask 40 details', 'TODO', '1d558c7e-f9b0-49d2-a402-98fecb5759fd');
INSERT INTO public.sub_task (id, assigned_member_id, assigned_member_name, description, status, tache_id) VALUES ('a0b27c84-0f7c-4e06-92e3-6edf678f1011', '36321f9a-1d57-4170-bd21-7d136ae9c0b6', 'Operateur 8', 'Subtask 41 details', 'TODO', '66024379-1b88-4713-b6df-596b47aceefa');
INSERT INTO public.sub_task (id, assigned_member_id, assigned_member_name, description, status, tache_id) VALUES ('d97f386d-4b73-4c63-8ee5-41e757918717', 'c0d79af8-8f50-4a12-a2f2-ea16bffe86a6', 'Operateur 6', 'Subtask 42 details', 'IN_PROGRESS', '1d558c7e-f9b0-49d2-a402-98fecb5759fd');
INSERT INTO public.sub_task (id, assigned_member_id, assigned_member_name, description, status, tache_id) VALUES ('88a57468-2178-4cf4-adc2-0a1f77c97a08', '91528bad-b53f-4f67-a356-76ed2874a1fc', 'Operateur 7', 'Subtask 43 details', 'DONE', 'a38cc265-9e4a-4ae5-adcb-14350e14bb5f');
INSERT INTO public.sub_task (id, assigned_member_id, assigned_member_name, description, status, tache_id) VALUES ('19b9288c-3636-4391-acc3-f9aa9aad455f', 'e1b58d2d-a533-42ab-8403-12914c88e04c', 'Operateur 12', 'Subtask 44 details', 'TODO', '3aba6cdb-da35-4e67-9c35-88e72275424e');
INSERT INTO public.sub_task (id, assigned_member_id, assigned_member_name, description, status, tache_id) VALUES ('d162f363-0a4d-4984-856d-d9b726b70505', '1cbd0e0a-40e8-47cf-a351-5e224915059b', 'Operateur 14', 'Subtask 45 details', 'IN_PROGRESS', '09158c1f-f4b2-4c7b-80df-21164febaf24');
INSERT INTO public.sub_task (id, assigned_member_id, assigned_member_name, description, status, tache_id) VALUES ('976bfe89-ac47-405c-a258-6584f8f782c0', 'e6bb6c06-d4d1-4566-b250-734688e1089f', 'Operateur 19', 'Subtask 46 details', 'DONE', '91df70b6-aa0c-403a-b750-ee65c2b15bfd');
INSERT INTO public.sub_task (id, assigned_member_id, assigned_member_name, description, status, tache_id) VALUES ('f5180c5c-a302-4837-844e-0eace60c7f36', 'e1b58d2d-a533-42ab-8403-12914c88e04c', 'Operateur 12', 'Subtask 47 details', 'TODO', '4e4215f4-691f-419c-ba7f-e52d9fcbf694');
INSERT INTO public.sub_task (id, assigned_member_id, assigned_member_name, description, status, tache_id) VALUES ('aec8625c-153c-49e2-a2a5-5cac59518f52', '449d5b48-e2c1-42e7-8974-505efbfd0be2', 'Operateur 20', 'Subtask 48 details', 'IN_PROGRESS', '7a5ab6b5-58be-46f5-b2f1-b06551fa0e4f');
INSERT INTO public.sub_task (id, assigned_member_id, assigned_member_name, description, status, tache_id) VALUES ('7b0c6520-04f7-4084-b977-caf1e1955b0e', 'c0d79af8-8f50-4a12-a2f2-ea16bffe86a6', 'Operateur 6', 'Subtask 49 details', 'IN_PROGRESS', '66024379-1b88-4713-b6df-596b47aceefa');
INSERT INTO public.sub_task (id, assigned_member_id, assigned_member_name, description, status, tache_id) VALUES ('0cca9c1a-3399-42e4-8f33-95c73ee5e2ff', '1cbd0e0a-40e8-47cf-a351-5e224915059b', 'Operateur 14', 'Subtask 50 details', 'IN_PROGRESS', 'f7dbd62e-dc67-4714-a790-a034643d56e7');
INSERT INTO public.sub_task (id, assigned_member_id, assigned_member_name, description, status, tache_id) VALUES ('ed4dcf9a-e14a-4844-bf6b-2b672ed92ccc', 'bb23805c-3c63-4694-92da-90db3ffc4313', 'Operateur 16', 'Subtask 51 details', 'IN_PROGRESS', '1d558c7e-f9b0-49d2-a402-98fecb5759fd');
INSERT INTO public.sub_task (id, assigned_member_id, assigned_member_name, description, status, tache_id) VALUES ('c4e8ca3c-f435-42c8-a6b3-329d04618366', '206637c3-37d9-4803-9b1e-83dbfea1f7fb', 'Operateur 15', 'Subtask 52 details', 'DONE', '40d08071-013a-4d05-a693-0a15ae2fd2cd');
INSERT INTO public.sub_task (id, assigned_member_id, assigned_member_name, description, status, tache_id) VALUES ('99b0d358-561c-448c-b398-0c8414d27587', 'd09993f1-0bb7-482c-9213-0fe9d8a0da6e', 'Operateur 2', 'Subtask 53 details', 'IN_PROGRESS', '4e4215f4-691f-419c-ba7f-e52d9fcbf694');
INSERT INTO public.sub_task (id, assigned_member_id, assigned_member_name, description, status, tache_id) VALUES ('6f30184e-3b8f-45bc-8b56-c595fe092251', 'd09993f1-0bb7-482c-9213-0fe9d8a0da6e', 'Operateur 2', 'Subtask 54 details', 'DONE', '3ea1e4e0-1507-426c-a38c-c0038c7c5b1e');
INSERT INTO public.sub_task (id, assigned_member_id, assigned_member_name, description, status, tache_id) VALUES ('639008c0-fd69-4870-84c5-f686ff1fdb12', '801758ce-a053-410a-b14a-12d9e87fcfd5', 'Operateur 10', 'Subtask 55 details', 'TODO', '403715c5-1304-4696-862b-bfa94cf2084c');
INSERT INTO public.sub_task (id, assigned_member_id, assigned_member_name, description, status, tache_id) VALUES ('8c23494a-16cb-46db-938a-f1c5be549dee', 'd09993f1-0bb7-482c-9213-0fe9d8a0da6e', 'Operateur 2', 'Subtask 56 details', 'IN_PROGRESS', '71657075-7507-44f9-b698-7e645fb4d707');
INSERT INTO public.sub_task (id, assigned_member_id, assigned_member_name, description, status, tache_id) VALUES ('6c4f260f-c99c-48e6-a64d-f421b897f24b', '1cbd0e0a-40e8-47cf-a351-5e224915059b', 'Operateur 14', 'Subtask 57 details', 'IN_PROGRESS', '21573c1b-47a5-4f23-b72b-5d908577545f');
INSERT INTO public.sub_task (id, assigned_member_id, assigned_member_name, description, status, tache_id) VALUES ('4cff95ae-4d81-4e00-96e9-b1162f0beba6', '801758ce-a053-410a-b14a-12d9e87fcfd5', 'Operateur 10', 'Subtask 58 details', 'IN_PROGRESS', 'e807815c-2741-4f5a-8723-fd9bde7ae096');
INSERT INTO public.sub_task (id, assigned_member_id, assigned_member_name, description, status, tache_id) VALUES ('e87f3d6a-5881-45c1-ae1c-194bb20e7864', '7235c9e1-09e2-4e47-ac84-64268baf5777', 'Operateur 11', 'Subtask 59 details', 'DONE', '1d558c7e-f9b0-49d2-a402-98fecb5759fd');